Output Category,ID,Categorical,IGNORE,Continuous,Categorical,Categorical
TripType,VisitNumber,Weekday,Upc,Scans,Department,FinelineNumber
999,5,Friday,68113152929,-1,FINANCIAL SERVICES,1000
30,7,Friday,60538815980,1,SHOES,8931
30,7,Friday,7410811099,1,PERSONAL CARE,4504
26,8,Friday,2238403510,2,PAINT AND ACCESSORIES,3565
26,8,Friday,2006613744,2,PAINT AND ACCESSORIES,1017
26,8,Friday,2006618783,2,PAINT AND ACCESSORIES,1017
26,8,Friday,2006613743,1,PAINT AND ACCESSORIES,1017
26,8,Friday,7004802737,1,PAINT AND ACCESSORIES,2802
26,8,Friday,2238495318,1,PAINT AND ACCESSORIES,4501
26,8,Friday,2238400200,-1,PAINT AND ACCESSORIES,3565
26,8,Friday,5200010239,1,DSD GROCERY,4606
26,8,Friday,88679300501,2,PAINT AND ACCESSORIES,3504
26,8,Friday,22006000000,1,MEAT - FRESH & FROZEN,6009
26,8,Friday,2236760452,1,PAINT AND ACCESSORIES,7
26,8,Friday,88679300501,-1,PAINT AND ACCESSORIES,3504
26,8,Friday,2238400200,2,PAINT AND ACCESSORIES,3565
26,8,Friday,3019294203,1,PAINT AND ACCESSORIES,2801
26,8,Friday,72450408840,1,PAINT AND ACCESSORIES,1028
26,8,Friday,25541500000,2,DAIRY,1305
26,8,Friday,2310010776,1,PETS AND SUPPLIES,3300
26,8,Friday,72450403700,2,PAINT AND ACCESSORIES,1018
26,8,Friday,7874204967,1,HOUSEHOLD CHEMICALS/SUPP,707
26,8,Friday,5114139038,1,PAINT AND ACCESSORIES,4415
26,8,Friday,5114197561,1,PAINT AND ACCESSORIES,4415
26,8,Friday,3270011053,3,PETS AND SUPPLIES,1001
26,8,Friday,,1,NULL,
8,9,Friday,1070080727,1,IMPULSE MERCHANDISE,115
8,9,Friday,3107,1,PRODUCE,103
8,9,Friday,4011,1,PRODUCE,5501
8,10,Friday,6414410235,1,DSD GROCERY,2008
8,10,Friday,2800053970,1,"CANDY, TOBACCO, COOKIES",115
8,10,Friday,7794800902,1,DSD GROCERY,7950
35,11,Friday,4178900743,1,GROCERY DRY GOODS,3114
35,11,Friday,7800002374,1,DSD GROCERY,3467
35,11,Friday,2840028204,1,IMPULSE MERCHANDISE,808
35,11,Friday,7920018317,1,IMPULSE MERCHANDISE,110
41,12,Friday,7603138508,1,BOYS WEAR,654
41,12,Friday,3700001196,1,PERSONAL CARE,5050
41,12,Friday,88530635155,1,BOYS WEAR,639
41,12,Friday,3500076633,1,PERSONAL CARE,203
41,12,Friday,5460010568,1,HOUSEHOLD CHEMICALS/SUPP,52
41,12,Friday,1920076878,1,HOUSEHOLD CHEMICALS/SUPP,6010
41,12,Friday,72503326306,1,SHOES,3031
21,15,Friday,2899521885,1,FABRICS AND CRAFTS,1056
21,15,Friday,2899521479,1,FABRICS AND CRAFTS,1059
21,15,Friday,2899521979,1,FABRICS AND CRAFTS,1062
21,15,Friday,2898195004,2,FABRICS AND CRAFTS,514
21,15,Friday,2899521887,1,FABRICS AND CRAFTS,1057
21,15,Friday,5.01E+11,1,FABRICS AND CRAFTS,1309
21,15,Friday,2898122051,1,FABRICS AND CRAFTS,514
21,15,Friday,5.01E+11,1,FABRICS AND CRAFTS,1309
6,17,Friday,2840009251,1,DSD GROCERY,3352
6,17,Friday,2610000575,1,"CANDY, TOBACCO, COOKIES",8012
6,17,Friday,1200004300,1,DSD GROCERY,9501
6,17,Friday,3170004855,1,"CANDY, TOBACCO, COOKIES",8430
42,19,Friday,7675335744,1,IMPULSE MERCHANDISE,8904
42,19,Friday,61156653747,1,JEWELRY AND SUNGLASSES,556
42,19,Friday,88743955560,1,MENS WEAR,144
42,19,Friday,6.93E+11,1,FABRICS AND CRAFTS,397
42,19,Friday,7675335744,1,IMPULSE MERCHANDISE,8904
42,19,Friday,6.95E+11,1,ACCESSORIES,122
42,19,Friday,88530637205,1,MENS WEAR,5201
42,19,Friday,88309608561,1,MENS WEAR,5661
42,19,Friday,3181070312,1,HOME MANAGEMENT,8124
7,20,Friday,7192191720,1,FROZEN FOODS,9117
7,20,Friday,68113106754,2,SERVICE DELI,4010
9,23,Friday,4011,1,PRODUCE,5501
9,23,Friday,6.92E+11,1,HOME MANAGEMENT,3005
8,25,Friday,7874207120,1,INFANT CONSUMABLE HARDLINES,9012
8,25,Friday,1590000097,1,PRE PACKED DELI,7501
8,25,Friday,7874208815,1,INFANT CONSUMABLE HARDLINES,222
39,26,Friday,89470001034,2,DAIRY,1450
39,26,Friday,84943400209,1,COOK AND DINE,2072
39,26,Friday,3663200828,1,FROZEN FOODS,1850
39,26,Friday,81829001273,3,DAIRY,1450
39,26,Friday,89470001006,1,DAIRY,1450
39,26,Friday,79108330121,1,PHARMACY OTC,535
39,26,Friday,4011,1,PRODUCE,5501
39,26,Friday,7874202251,1,FROZEN FOODS,2003
39,26,Friday,4009450167,1,COOK AND DINE,579
25,28,Friday,8.81E+11,1,LADIESWEAR,313
25,28,Friday,80859474194,1,LADIESWEAR,4447
25,28,Friday,4900003661,1,DSD GROCERY,9538
25,28,Friday,9933894190,1,LADIESWEAR,1180
25,28,Friday,2430004350,1,COMM BREAD,3709
25,28,Friday,7874298806,1,BAKERY,2010
25,28,Friday,7874298808,1,BAKERY,2010
25,28,Friday,4900001463,1,DSD GROCERY,9538
8,29,Friday,1200001311,1,DSD GROCERY,9205
9,30,Friday,9933894219,1,LADIESWEAR,1180
8,31,Friday,7874298393,1,BAKERY,5024
8,31,Friday,71514111356,1,DAIRY,9020
8,32,Friday,3400000246,1,IMPULSE MERCHANDISE,100
8,33,Friday,4178900743,2,GROCERY DRY GOODS,3114
8,33,Friday,61126911357,1,DSD GROCERY,3467
8,40,Friday,4900001801,1,DSD GROCERY,9546
8,40,Friday,2560000134,2,IMPULSE MERCHANDISE,611
8,41,Friday,7618316372,1,DSD GROCERY,3054
8,41,Friday,7066208720,2,GROCERY DRY GOODS,3114
8,42,Friday,4000049483,1,IMPULSE MERCHANDISE,115
38,43,Friday,7874235186,1,DAIRY,1508
38,43,Friday,2610000575,1,"CANDY, TOBACCO, COOKIES",8012
38,43,Friday,3800057608,1,GROCERY DRY GOODS,3600
38,43,Friday,7962160010,1,PRE PACKED DELI,7204
8,45,Friday,4610000113,1,DAIRY,7960
8,45,Friday,2898978601,1,FROZEN FOODS,1908
8,45,Friday,930000038,1,GROCERY DRY GOODS,2502
8,45,Friday,7343509330,1,COMM BREAD,3791
35,47,Friday,8939615297,2,DSD GROCERY,3458
35,47,Friday,4119691401,2,GROCERY DRY GOODS,3108
35,47,Friday,3400037600,1,IMPULSE MERCHANDISE,125
15,49,Friday,4011,1,PRODUCE,5501
15,49,Friday,2200001596,1,IMPULSE MERCHANDISE,110
15,49,Friday,7464102712,1,PRODUCE,5906
15,49,Friday,7464100287,1,PRODUCE,5964
15,49,Friday,1786980439,1,SERVICE DELI,6036
9,50,Friday,3825775410,1,MENS WEAR,8218
8,51,Friday,84105800524,1,PERSONAL CARE,1406
8,51,Friday,1204404003,1,PERSONAL CARE,109
8,53,Friday,4016,1,PRODUCE,1201
8,54,Friday,2430078116,1,COMM BREAD,2286
15,55,Friday,87458603507,5,IMPULSE MERCHANDISE,8023
15,55,Friday,7874201839,1,HOUSEHOLD PAPER GOODS,5020
15,55,Friday,1090008031,1,HOUSEHOLD PAPER GOODS,6640
15,55,Friday,87458603516,1,IMPULSE MERCHANDISE,8023
15,55,Friday,7874202400,1,HOUSEHOLD PAPER GOODS,5010
15,55,Friday,1117932451,2,CELEBRATION,140
8,56,Friday,2840043393,1,IMPULSE MERCHANDISE,808
8,56,Friday,4900004086,1,DSD GROCERY,9546
8,57,Friday,9870,1,BAKERY,1026
26,61,Friday,1164633541,1,HARDWARE,1101
26,61,Friday,7535314088,1,HARDWARE,5525
26,61,Friday,7535309226,5,HARDWARE,5525
26,61,Friday,36382420220,1,PHARMACY OTC,1300
26,61,Friday,7535309202,1,HARDWARE,5525
26,61,Friday,7535309202,1,HARDWARE,5525
26,61,Friday,7003030410,1,PHARMACY OTC,1101
26,61,Friday,3700000338,1,PERSONAL CARE,211
36,63,Friday,7976503128,1,DSD GROCERY,9206
36,63,Friday,1750020722,1,HOUSEHOLD CHEMICALS/SUPP,1210
36,63,Friday,1700006809,1,PERSONAL CARE,55
36,63,Friday,1750020942,1,HOUSEHOLD CHEMICALS/SUPP,1210
36,63,Friday,1910010992,1,BEAUTY,4010
9,68,Friday,4282560278,1,MENS WEAR,8225
20,69,Friday,82720410582,1,AUTOMOTIVE,9002
20,69,Friday,7480851084,1,BOOKS AND MAGAZINES,19
20,69,Friday,7874210460,1,AUTOMOTIVE,2500
20,69,Friday,7148601319,1,BOOKS AND MAGAZINES,324
7,72,Friday,1200000131,1,DSD GROCERY,9547
7,72,Friday,22495500000,1,SERVICE DELI,4041
7,72,Friday,2840043618,1,IMPULSE MERCHANDISE,808
8,74,Friday,2430078116,2,COMM BREAD,2286
7,76,Friday,1312001036,1,FROZEN FOODS,1801
7,76,Friday,7539100261,1,SEAFOOD,1053
7,76,Friday,68113132894,1,PRODUCE,7002
7,76,Friday,3151,1,PRODUCE,7801
39,79,Friday,4000049570,1,"CANDY, TOBACCO, COOKIES",224
39,79,Friday,7874236711,1,GROCERY DRY GOODS,3557
39,79,Friday,3800021441,1,GROCERY DRY GOODS,3557
39,79,Friday,1600026460,1,GROCERY DRY GOODS,3554
39,79,Friday,980000071,1,"CANDY, TOBACCO, COOKIES",85
39,79,Friday,4000034759,1,"CANDY, TOBACCO, COOKIES",224
39,79,Friday,2200000512,1,IMPULSE MERCHANDISE,135
39,79,Friday,6.94E+11,2,OFFICE SUPPLIES,5806
9,81,Friday,71441514160,1,IMPULSE MERCHANDISE,8296
36,83,Friday,7050129797,1,IMPULSE MERCHANDISE,323
36,83,Friday,85922000108,1,PERSONAL CARE,6105
36,83,Friday,63216911176,1,PERSONAL CARE,6105
36,83,Friday,3600036926,2,PERSONAL CARE,9103
36,83,Friday,3700000496,1,PERSONAL CARE,9101
36,83,Friday,68113176946,1,PHARMACY OTC,2306
36,83,Friday,4460001665,1,PERSONAL CARE,9106
36,83,Friday,7704311583,1,PERSONAL CARE,9107
36,83,Friday,18456000004,1,PERSONAL CARE,6103
9,84,Friday,4316875210,1,HARDWARE,4513
9,84,Friday,4613510253,1,HARDWARE,4509
8,85,Friday,4000000432,1,IMPULSE MERCHANDISE,115
8,85,Friday,4000042431,1,IMPULSE MERCHANDISE,100
37,86,Friday,7225001102,1,COMM BREAD,3761
37,86,Friday,7464100146,1,PRODUCE,5930
37,86,Friday,75166647006,2,PRODUCE,7841
37,86,Friday,75166647006,1,PRODUCE,7841
37,86,Friday,3000006403,1,GROCERY DRY GOODS,3555
37,86,Friday,8680000522,1,BEAUTY,2105
37,86,Friday,3338365301,1,PRODUCE,7602
37,86,Friday,71722616151,1,PERSONAL CARE,5018
37,86,Friday,7073405372,1,GROCERY DRY GOODS,3352
37,86,Friday,4046,1,PRODUCE,5620
37,86,Friday,4062,1,PRODUCE,8104
37,86,Friday,2529360102,2,DAIRY,1511
37,86,Friday,7092047449,1,GROCERY DRY GOODS,3401
37,86,Friday,7874235255,1,GROCERY DRY GOODS,2456
37,86,Friday,1450001463,1,FROZEN FOODS,3003
37,86,Friday,7874201846,1,HOUSEHOLD PAPER GOODS,265
37,86,Friday,7874235189,1,DAIRY,1508
37,86,Friday,3107,1,PRODUCE,103
37,86,Friday,7874237389,1,FROZEN FOODS,1752
37,86,Friday,7146410017,1,PRODUCE,7652
37,86,Friday,4011,1,PRODUCE,5501
37,86,Friday,4850002013,1,DAIRY,1404
37,86,Friday,5215953200,1,DAIRY,7954
37,86,Friday,4300004304,1,GROCERY DRY GOODS,3308
7,87,Friday,7106841012,1,FROZEN FOODS,4063
8,91,Friday,2430078106,1,COMM BREAD,2286
32,92,Friday,88530636725,1,MENS WEAR,5101
32,92,Friday,7874203255,1,INFANT CONSUMABLE HARDLINES,717
32,92,Friday,3700089226,1,PERSONAL CARE,203
8,93,Friday,4011,1,PRODUCE,5501
8,95,Friday,7790047132,1,FROZEN FOODS,1204
38,97,Friday,2100060847,1,DAIRY,7957
38,97,Friday,2700031150,1,DAIRY,1221
38,97,Friday,7874235187,1,DAIRY,1508
38,97,Friday,7225003706,2,COMM BREAD,3702
38,97,Friday,5200013226,1,DSD GROCERY,4606
38,97,Friday,3800059655,1,GROCERY DRY GOODS,3600
38,97,Friday,5210009004,1,GROCERY DRY GOODS,4250
38,97,Friday,7874235190,1,DAIRY,1406
38,97,Friday,4133112420,1,GROCERY DRY GOODS,4290
38,97,Friday,4812127707,1,COMM BREAD,3719
38,97,Friday,5150000693,1,GROCERY DRY GOODS,2601
38,97,Friday,5210009003,1,GROCERY DRY GOODS,4250
38,97,Friday,4133112466,1,GROCERY DRY GOODS,4290
40,98,Friday,7874201706,1,DSD GROCERY,3562
40,98,Friday,3400001314,1,"CANDY, TOBACCO, COOKIES",78
40,98,Friday,7874200645,1,DSD GROCERY,4672
40,98,Friday,60538815805,2,SHOES,4815
40,98,Friday,7431255366,1,PHARMACY OTC,502
40,98,Friday,68113104849,1,BEAUTY,3907
40,98,Friday,81655901251,1,PERSONAL CARE,3123
40,98,Friday,7874209667,1,HOUSEHOLD PAPER GOODS,6010
40,98,Friday,7874209664,1,HOUSEHOLD PAPER GOODS,6020
40,98,Friday,4000048815,1,"CANDY, TOBACCO, COOKIES",79
40,98,Friday,74759932274,1,"CANDY, TOBACCO, COOKIES",544
40,98,Friday,3700057591,1,PERSONAL CARE,801
40,98,Friday,4693,1,PRODUCE,4450
40,98,Friday,72864925754,1,LAWN AND GARDEN,102
40,98,Friday,3400001327,1,"CANDY, TOBACCO, COOKIES",78
40,98,Friday,7874201601,2,DSD GROCERY,4676
40,98,Friday,4144930197,1,GROCERY DRY GOODS,4056
40,98,Friday,7172512498,1,DSD GROCERY,4673
40,98,Friday,7045011864,1,DSD GROCERY,4647
40,98,Friday,4144930022,1,GROCERY DRY GOODS,4056
40,98,Friday,7874223029,1,GROCERY DRY GOODS,3555
40,98,Friday,3010026351,1,DSD GROCERY,3856
40,98,Friday,68113168758,3,PHARMACY OTC,3534
40,98,Friday,3320001140,1,GROCERY DRY GOODS,4001
40,98,Friday,74759961274,1,GROCERY DRY GOODS,4002
40,98,Friday,3120020297,1,DSD GROCERY,4639
40,98,Friday,1700006813,1,PERSONAL CARE,4933
40,98,Friday,4740004472,1,PERSONAL CARE,1403
40,98,Friday,2840018734,1,DSD GROCERY,3658
40,98,Friday,1600015990,1,DSD GROCERY,3665
40,98,Friday,74759964015,1,GROCERY DRY GOODS,4002
40,98,Friday,80276302882,1,DSD GROCERY,4675
40,98,Friday,3120027015,1,DSD GROCERY,4639
40,98,Friday,68113118722,1,PHARMACY OTC,1352
40,98,Friday,7874206209,1,DSD GROCERY,9820
40,98,Friday,3940001614,2,GROCERY DRY GOODS,2828
40,98,Friday,7906800310,3,PHARMACY OTC,3533
40,98,Friday,1600013680,1,DSD GROCERY,3665
40,98,Friday,3890000513,2,GROCERY DRY GOODS,2757
40,98,Friday,3120000291,1,DSD GROCERY,4672
40,98,Friday,4400002799,1,DSD GROCERY,4156
40,98,Friday,4000042134,1,"CANDY, TOBACCO, COOKIES",79
8,99,Friday,7874235201,1,DAIRY,1515
8,99,Friday,1600027503,1,GROCERY DRY GOODS,3600
37,100,Friday,4383,1,PRODUCE,3102
8,102,Friday,7874235200,1,DAIRY,1515
8,103,Friday,4011,1,PRODUCE,5501
5,105,Friday,63748004256,2,PHARMACY OTC,309
5,105,Friday,63748006502,1,PHARMACY OTC,312
5,105,Friday,68113118730,1,PHARMACY OTC,2561
3,106,Friday,68113163351,1,FINANCIAL SERVICES,275
3,106,Friday,60538896309,1,FINANCIAL SERVICES,276
8,107,Friday,4900005537,1,DSD GROCERY,9556
8,110,Friday,4110080982,1,PHARMACY OTC,1638
8,110,Friday,3700026882,1,PERSONAL CARE,811
8,117,Friday,1200081331,1,DSD GROCERY,3405
3,121,Friday,68113163352,1,FINANCIAL SERVICES,278
3,121,Friday,68113163353,1,FINANCIAL SERVICES,277
15,123,Friday,7874208830,1,HOUSEHOLD PAPER GOODS,5010
15,123,Friday,7001197990,1,SHEER HOSIERY,2771
15,123,Friday,7001197991,1,SHEER HOSIERY,2771
15,123,Friday,4900005010,1,DSD GROCERY,9570
15,123,Friday,7297900418,1,DSD GROCERY,3004
15,123,Friday,7800008246,1,DSD GROCERY,9580
15,123,Friday,7874201454,1,HOUSEHOLD PAPER GOODS,5510
15,123,Friday,4900006633,1,DSD GROCERY,9570
8,124,Friday,9870,1,BAKERY,1026
6,125,Friday,7013710523,1,"CANDY, TOBACCO, COOKIES",8430
4,130,Friday,68113177638,1,PHARMACY OTC,2124
4,130,Friday,7874235338,1,GROCERY DRY GOODS,4253
4,130,Friday,81483201043,2,PHARMACY OTC,1110
4,130,Friday,5084452902,1,PHARMACY OTC,1121
4,130,Friday,1650055954,1,PHARMACY OTC,1121
4,130,Friday,7566919900,1,GROCERY DRY GOODS,4291
9,132,Friday,6700886206,1,CELEBRATION,6
9,132,Friday,64541613597,-1,CELEBRATION,6
9,132,Friday,64541613597,2,CELEBRATION,6
9,132,Friday,6700886206,-1,CELEBRATION,6
999,133,Friday,9933894257,-1,LADIESWEAR,1180
999,133,Friday,9933894192,1,LADIESWEAR,1180
8,134,Friday,2840008359,1,DSD GROCERY,3663
8,134,Friday,3120021007,1,DSD GROCERY,4639
7,137,Friday,7682804668,1,PERSONAL CARE,9110
7,137,Friday,22813300000,1,SERVICE DELI,4041
39,138,Friday,7774529185,1,PRODUCE,7045
39,138,Friday,5100012968,1,GROCERY DRY GOODS,3122
39,138,Friday,7024781892,1,MEAT - FRESH & FROZEN,6537
39,138,Friday,1300000616,1,GROCERY DRY GOODS,2503
39,138,Friday,4175701101,1,SERVICE DELI,3001
39,138,Friday,3770034042,1,HOUSEHOLD PAPER GOODS,5243
39,138,Friday,7315010505,1,PRODUCE,7958
8,139,Friday,7366408015,1,BAKERY,4013
8,139,Friday,7874202252,1,BAKERY,8046
24,140,Friday,2413111459,6,COOK AND DINE,3911
24,140,Friday,73507802829,4,WIRELESS,1710
24,140,Friday,67571624417,2,BEDDING,3233
24,140,Friday,67571659007,2,BEDDING,3232
24,140,Friday,4269425903,1,BATH AND SHOWER,1321
24,140,Friday,4000042431,1,IMPULSE MERCHANDISE,100
24,140,Friday,2413178955,1,COOK AND DINE,3737
24,140,Friday,1634647770,3,COOK AND DINE,3721
24,140,Friday,1634647770,1,COOK AND DINE,3721
24,140,Friday,2413178955,3,COOK AND DINE,3737
24,140,Friday,3444195814,2,COOK AND DINE,2530
24,140,Friday,80240400446,1,HOME MANAGEMENT,8103
24,140,Friday,66553830610,1,BATH AND SHOWER,1431
24,140,Friday,66553830610,3,BATH AND SHOWER,1431
24,140,Friday,76668696858,2,BEDDING,8203
24,140,Friday,3240604749,2,COOK AND DINE,2523
24,140,Friday,3100943931,3,COOK AND DINE,902
24,140,Friday,2413111459,1,COOK AND DINE,3911
24,140,Friday,72186229562,1,COOK AND DINE,2545
24,140,Friday,3444194851,2,COOK AND DINE,2536
24,140,Friday,2569590987,1,BEDDING,6503
33,145,Friday,6132825602,1,HOUSEHOLD PAPER GOODS,4002
33,145,Friday,7069001410,1,GROCERY DRY GOODS,3857
33,145,Friday,3663201864,1,DAIRY,1450
33,145,Friday,4650071492,1,HOUSEHOLD CHEMICALS/SUPP,3020
33,145,Friday,4650081666,1,HOUSEHOLD CHEMICALS/SUPP,3030
8,146,Friday,4900000764,1,DSD GROCERY,9546
8,146,Friday,7013711129,1,"CANDY, TOBACCO, COOKIES",8430
40,152,Friday,4180030225,2,DSD GROCERY,4654
40,152,Friday,7066208720,1,GROCERY DRY GOODS,3114
40,152,Friday,4178900411,14,GROCERY DRY GOODS,3105
40,152,Friday,2700061286,4,GROCERY DRY GOODS,4402
40,152,Friday,4178900757,1,GROCERY DRY GOODS,3114
3,153,Friday,68113107939,1,FINANCIAL SERVICES,200
3,153,Friday,60538887953,1,FINANCIAL SERVICES,285
35,154,Friday,2840043503,1,IMPULSE MERCHANDISE,808
35,154,Friday,2840042054,1,IMPULSE MERCHANDISE,808
35,154,Friday,1200013034,2,DSD GROCERY,9501
35,154,Friday,2840028204,1,IMPULSE MERCHANDISE,808
8,155,Friday,2200000666,1,IMPULSE MERCHANDISE,135
8,155,Friday,2840016189,1,IMPULSE MERCHANDISE,808
8,155,Friday,3800032110,1,GROCERY DRY GOODS,3504
3,162,Friday,68113163351,1,FINANCIAL SERVICES,275
3,162,Friday,60538896309,1,FINANCIAL SERVICES,276
3,164,Friday,60538896309,1,FINANCIAL SERVICES,276
3,164,Friday,68113163351,1,FINANCIAL SERVICES,275
3,177,Friday,83032400696,1,IMPULSE MERCHANDISE,1749
3,177,Friday,60538819035,1,FINANCIAL SERVICES,1000
35,179,Friday,3800059099,1,IMPULSE MERCHANDISE,5
35,179,Friday,61126911357,1,DSD GROCERY,3467
35,179,Friday,1708289781,1,IMPULSE MERCHANDISE,601
35,179,Friday,9147593097,1,DAIRY,1405
3,181,Friday,68113163351,1,FINANCIAL SERVICES,275
3,181,Friday,60538896309,1,FINANCIAL SERVICES,276
999,182,Friday,5473282047,-1,HARDWARE,8410
21,185,Friday,4011,1,PRODUCE,5501
21,185,Friday,3400000229,1,IMPULSE MERCHANDISE,115
21,185,Friday,7165803889,1,BOOKS AND MAGAZINES,365
21,185,Friday,2500000069,1,DAIRY,1346
3,188,Friday,68113152930,1,FINANCIAL SERVICES,1000
9,189,Friday,9506270506,2,HORTICULTURE AND ACCESS,6210
999,190,Friday,4316875342,-1,HARDWARE,4513
43,194,Friday,68113103676,1,PHARMACY OTC,1118
43,194,Friday,2253213798,1,HORTICULTURE AND ACCESS,7428
43,194,Friday,9285200065,5,HORTICULTURE AND ACCESS,1000
43,194,Friday,8307800317,1,PHARMACY OTC,1181
43,194,Friday,1200000131,1,DSD GROCERY,9547
43,194,Friday,4184000106,2,PERSONAL CARE,3110
43,194,Friday,2149600750,1,LAWN AND GARDEN,26
43,194,Friday,2471922120,3,HORTICULTURE AND ACCESS,8005
43,194,Friday,4650075173,1,HOUSEHOLD CHEMICALS/SUPP,8945
8,195,Friday,7874204007,1,HOUSEHOLD PAPER GOODS,3011
8,195,Friday,1900008342,1,"CANDY, TOBACCO, COOKIES",97
7,199,Friday,60538871457,1,DAIRY,9100
7,199,Friday,4138309073,-1,DAIRY,1505
7,199,Friday,4138309073,2,DAIRY,1505
7,199,Friday,3800039122,1,GROCERY DRY GOODS,3600
7,199,Friday,22555500000,1,MEAT - FRESH & FROZEN,1301
3,203,Friday,60538896309,1,FINANCIAL SERVICES,276
3,203,Friday,68113163351,1,FINANCIAL SERVICES,275
6,205,Friday,7942623100,1,GROCERY DRY GOODS,4603
6,205,Friday,3485600408,1,IMPULSE MERCHANDISE,801
6,205,Friday,2500001922,1,DAIRY,1407
6,205,Friday,2610000577,1,"CANDY, TOBACCO, COOKIES",8018
999,207,Friday,76163520390,1,PRODUCE,3509
999,207,Friday,2242229000,2,DSD GROCERY,7957
31,209,Friday,68113102889,1,WIRELESS,9998
31,209,Friday,79936661966,1,WIRELESS,765
38,210,Friday,60538871457,1,DAIRY,9100
38,210,Friday,2200012000,-1,"CANDY, TOBACCO, COOKIES",221
38,210,Friday,1600027532,1,GROCERY DRY GOODS,3600
38,210,Friday,1800073412,1,FROZEN FOODS,2010
38,210,Friday,7229004037,1,FROZEN FOODS,1204
38,210,Friday,3700086775,1,HOUSEHOLD PAPER GOODS,3050
38,210,Friday,3800057636,1,GROCERY DRY GOODS,3559
38,210,Friday,7229000000,1,PRE PACKED DELI,7301
38,210,Friday,2200012000,1,"CANDY, TOBACCO, COOKIES",221
38,210,Friday,3700086740,1,HOUSEHOLD CHEMICALS/SUPP,2041
38,210,Friday,3320000099,1,HOUSEHOLD CHEMICALS/SUPP,745
35,211,Friday,7373108208,1,DSD GROCERY,7950
35,211,Friday,1200001643,1,DSD GROCERY,3467
35,211,Friday,7874205421,1,COMM BREAD,3732
35,211,Friday,3000016910,1,DSD GROCERY,4669
42,214,Friday,7600137654,1,HOME DECOR,5547
42,214,Friday,5200033831,1,DSD GROCERY,4608
42,214,Friday,2200001748,1,IMPULSE MERCHANDISE,135
42,214,Friday,88153950348,1,BOYS WEAR,728
42,214,Friday,5138638001,1,HOUSEHOLD CHEMICALS/SUPP,9720
42,214,Friday,9.78E+11,1,BOOKS AND MAGAZINES,2120
42,214,Friday,84325881480,1,TOYS,5312
38,216,Friday,7602000812,1,PRE PACKED DELI,7803
38,216,Friday,2550020188,1,GROCERY DRY GOODS,3304
38,216,Friday,1420008453,1,"CANDY, TOBACCO, COOKIES",19
38,216,Friday,2500000069,1,DAIRY,1346
38,216,Friday,4050,1,PRODUCE,6501
38,216,Friday,2900000856,1,DAIRY,1251
42,217,Friday,76594045864,1,FABRICS AND CRAFTS,2650
42,217,Friday,6.93E+11,1,FABRICS AND CRAFTS,412
42,217,Friday,85607600322,1,IMPULSE MERCHANDISE,322
42,217,Friday,85607600346,1,IMPULSE MERCHANDISE,322
42,217,Friday,81137302035,1,FABRICS AND CRAFTS,3605
5,218,Friday,68113129801,1,PHARMACY OTC,2303
9,219,Friday,60786911407,1,INFANT CONSUMABLE HARDLINES,1009
24,220,Friday,3753103274,1,HOME MANAGEMENT,1207
24,220,Friday,8265750406,1,DSD GROCERY,2352
24,220,Friday,3040021650,1,HOUSEHOLD PAPER GOODS,1020
24,220,Friday,2775501079,1,OFFICE SUPPLIES,3702
8,221,Friday,4740015685,1,PERSONAL CARE,1401
32,223,Friday,68113105574,1,INFANT CONSUMABLE HARDLINES,228
32,223,Friday,7874200504,1,INFANT CONSUMABLE HARDLINES,228
39,224,Friday,7874207792,1,HOUSEHOLD PAPER GOODS,4005
39,224,Friday,7874202400,2,HOUSEHOLD PAPER GOODS,5010
39,224,Friday,4900001463,2,DSD GROCERY,9538
39,224,Friday,6827473529,1,DSD GROCERY,2351
39,224,Friday,8768400511,1,DSD GROCERY,4624
39,224,Friday,1370020760,1,HOUSEHOLD PAPER GOODS,5020
39,224,Friday,7874208942,1,HOUSEHOLD PAPER GOODS,7010
39,224,Friday,4000034787,1,"CANDY, TOBACCO, COOKIES",36
39,224,Friday,7172001813,1,"CANDY, TOBACCO, COOKIES",39
39,224,Friday,1420008810,2,"CANDY, TOBACCO, COOKIES",39
39,224,Friday,2200011702,1,"CANDY, TOBACCO, COOKIES",39
39,224,Friday,1370083812,1,HOUSEHOLD PAPER GOODS,6020
39,224,Friday,4900003661,1,DSD GROCERY,9538
39,224,Friday,2840023824,2,DSD GROCERY,3658
8,225,Friday,4093,-1,PRODUCE,4008
8,225,Friday,4093,1,PRODUCE,4008
8,225,Friday,4093,1,PRODUCE,4008
8,225,Friday,4156514116,1,GROCERY DRY GOODS,1104
8,225,Friday,4600029548,1,GROCERY DRY GOODS,3201
35,228,Friday,7874220164,2,BAKERY,3004
35,228,Friday,5200033876,2,DSD GROCERY,4606
35,228,Friday,5200032012,1,DSD GROCERY,4606
8,229,Friday,9147563004,2,DAIRY,1405
8,232,Friday,8155574214,1,BEAUTY,3100
8,232,Friday,8155574213,1,BEAUTY,3100
32,235,Friday,5000037765,1,INFANT CONSUMABLE HARDLINES,716
8,236,Friday,7618316363,1,DSD GROCERY,3054
8,236,Friday,78616200151,1,DSD GROCERY,9216
8,236,Friday,2840043503,1,IMPULSE MERCHANDISE,808
9,238,Friday,4935392809,1,JEWELRY AND SUNGLASSES,6327
8,239,Friday,4300006571,1,DSD GROCERY,4624
8,239,Friday,4300002822,1,DSD GROCERY,4624
8,239,Friday,2840023824,1,DSD GROCERY,3658
8,241,Friday,5000069225,1,GROCERY DRY GOODS,3306
8,241,Friday,2550020188,1,GROCERY DRY GOODS,3304
32,245,Friday,9186904841,1,CELEBRATION,787
32,245,Friday,8511846116,1,INFANT APPAREL,597
32,245,Friday,75883482901,1,CELEBRATION,787
32,245,Friday,60538816508,1,SHOES,2500
32,245,Friday,8511845464,1,INFANT APPAREL,7001
32,245,Friday,2746716718,1,INFANT APPAREL,1204
32,245,Friday,78114753798,1,INFANT APPAREL,6200
32,245,Friday,2746722388,1,INFANT APPAREL,1204
33,248,Friday,3506110963,1,HARDWARE,2365
33,248,Friday,7874234726,1,HOUSEHOLD CHEMICALS/SUPP,140
33,248,Friday,4650075581,1,HOUSEHOLD CHEMICALS/SUPP,8945
33,248,Friday,3700054826,1,PERSONAL CARE,5414
33,248,Friday,7874204956,1,HOUSEHOLD CHEMICALS/SUPP,8599
33,248,Friday,83889103072,2,PHARMACY OTC,3701
33,248,Friday,3506111100,1,HARDWARE,2365
33,248,Friday,3506111104,1,HARDWARE,2365
33,248,Friday,3506147595,1,HARDWARE,2330
33,248,Friday,3506148100,1,HARDWARE,2335
33,248,Friday,3700085271,1,HOUSEHOLD CHEMICALS/SUPP,8945
33,251,Friday,68113107862,3,BAKERY,5017
33,251,Friday,3700087452,1,HOUSEHOLD CHEMICALS/SUPP,700
33,251,Friday,7976503128,2,DSD GROCERY,9206
35,252,Friday,7874208937,2,BAKERY,9801
35,252,Friday,7874208932,2,BAKERY,9801
35,252,Friday,7084701712,1,DSD GROCERY,3466
35,252,Friday,7874207597,3,BAKERY,6715
35,252,Friday,5200010361,3,DSD GROCERY,4607
35,252,Friday,61126973373,1,DSD GROCERY,3466
35,252,Friday,3207,1,FROZEN FOODS,9100
999,253,Friday,68113178253,-1,FINANCIAL SERVICES,279
40,255,Friday,4171687175,1,DAIRY,7953
40,255,Friday,88828940068,1,PRODUCE,1218
40,255,Friday,4000049860,2,"CANDY, TOBACCO, COOKIES",510
40,255,Friday,2840026498,1,DSD GROCERY,3658
40,255,Friday,3338366604,1,PRODUCE,7701
40,255,Friday,1862710063,2,GROCERY DRY GOODS,3551
40,255,Friday,7978310011,4,DSD GROCERY,3866
40,255,Friday,4000049858,2,"CANDY, TOBACCO, COOKIES",510
40,255,Friday,2700062324,1,DSD GROCERY,3008
40,255,Friday,4000039507,2,"CANDY, TOBACCO, COOKIES",83
40,255,Friday,3400004581,1,"CANDY, TOBACCO, COOKIES",83
40,255,Friday,4000015147,2,"CANDY, TOBACCO, COOKIES",83
40,255,Friday,1862703000,4,GROCERY DRY GOODS,3551
40,255,Friday,1862703001,2,GROCERY DRY GOODS,3551
40,255,Friday,3400014901,1,"CANDY, TOBACCO, COOKIES",77
40,255,Friday,4400000430,2,DSD GROCERY,3713
40,255,Friday,2840005661,2,DSD GROCERY,3658
40,255,Friday,4000032437,1,"CANDY, TOBACCO, COOKIES",224
40,255,Friday,1862742894,2,GROCERY DRY GOODS,3551
40,255,Friday,5150024322,1,GROCERY DRY GOODS,2500
40,255,Friday,3450063156,4,GROCERY DRY GOODS,3306
40,255,Friday,7114600245,2,PRODUCE,256
40,255,Friday,2840000303,1,DSD GROCERY,3658
40,255,Friday,4400088145,1,DSD GROCERY,3630
40,255,Friday,4900004284,1,DSD GROCERY,9550
40,255,Friday,4400002798,2,DSD GROCERY,4156
40,255,Friday,4400003328,1,DSD GROCERY,3609
40,255,Friday,7978325873,1,DSD GROCERY,3866
40,255,Friday,7874204019,1,HOUSEHOLD PAPER GOODS,110
40,255,Friday,4157005030,1,DSD GROCERY,9452
40,255,Friday,4400088032,2,DSD GROCERY,3630
40,255,Friday,4900001278,1,DSD GROCERY,9550
40,255,Friday,7874211472,2,HOUSEHOLD PAPER GOODS,2046
37,256,Friday,3107,1,PRODUCE,103
9,257,Friday,7464100974,1,PRODUCE,5996
9,257,Friday,7061210832,1,AUTOMOTIVE,4007
27,259,Friday,7112175715,1,LAWN AND GARDEN,5141
27,259,Friday,4656117978,2,LAWN AND GARDEN,1748
27,259,Friday,,3,NULL,
27,259,Friday,,1,NULL,
27,259,Friday,3146256088,2,LAWN AND GARDEN,2605
27,259,Friday,3146252618,5,LAWN AND GARDEN,2605
27,259,Friday,4650073175,1,IMPULSE MERCHANDISE,337
999,261,Friday,7602763552,-1,AUTOMOTIVE,19
9,263,Friday,7874298761,1,BAKERY,5017
9,263,Friday,7923802220,1,AUTOMOTIVE,6340
9,263,Friday,7923802224,1,AUTOMOTIVE,6340
3,265,Friday,83032400641,1,IMPULSE MERCHANDISE,1001
3,265,Friday,60538819035,1,FINANCIAL SERVICES,1000
8,267,Friday,1410004376,1,DSD GROCERY,2752
8,267,Friday,1410009606,1,DSD GROCERY,2752
8,267,Friday,3800011914,1,DSD GROCERY,4659
40,274,Friday,4460031259,1,LAWN AND GARDEN,31
40,274,Friday,68113107450,1,HOUSEHOLD PAPER GOODS,4693
40,274,Friday,7874206992,1,HOUSEHOLD PAPER GOODS,6660
40,274,Friday,7874203524,2,DSD GROCERY,9220
40,274,Friday,5450019334,2,PRE PACKED DELI,7503
40,274,Friday,7874205306,1,GROCERY DRY GOODS,2503
40,274,Friday,4127197110,1,FROZEN FOODS,9100
40,274,Friday,7874208902,1,HOUSEHOLD PAPER GOODS,7010
40,274,Friday,2032300514,1,MEAT - FRESH & FROZEN,6552
40,274,Friday,5040075116,1,COMM BREAD,3725
40,274,Friday,1111587132,1,DAIRY,1251
40,274,Friday,68113102536,1,HOUSEHOLD PAPER GOODS,5010
40,274,Friday,7103025162,1,DAIRY,7958
40,274,Friday,7312400206,2,COMM BREAD,3792
40,274,Friday,4127197110,1,FROZEN FOODS,9100
40,274,Friday,4082,1,PRODUCE,4020
40,274,Friday,3338365020,1,PRODUCE,7501
25,275,Friday,8.81E+11,1,LADIESWEAR,3120
25,275,Friday,2800008040,1,"CANDY, TOBACCO, COOKIES",521
25,275,Friday,7989602488,1,PERSONAL CARE,9107
25,275,Friday,88595461549,1,TOYS,1209
25,275,Friday,8.81E+11,1,LADIESWEAR,1217
25,275,Friday,7001118223,1,LADIES SOCKS,3052
9,277,Friday,8171572539,1,INFANT APPAREL,6415
36,278,Friday,3700012440,3,PERSONAL CARE,5462
36,278,Friday,72225210067,1,PHARMACY OTC,549
36,278,Friday,3700006221,2,PERSONAL CARE,203
4,279,Friday,3660081333,1,PHARMACY OTC,1181
999,281,Friday,68113178253,-1,FINANCIAL SERVICES,279
40,283,Friday,67811244415,1,HOUSEHOLD CHEMICALS/SUPP,6510
40,283,Friday,7874207704,1,HOUSEHOLD PAPER GOODS,6640
40,283,Friday,7192162052,1,FROZEN FOODS,9116
40,283,Friday,4116709683,1,PERSONAL CARE,805
40,283,Friday,2900001617,1,DSD GROCERY,3562
40,283,Friday,1920090034,1,HOUSEHOLD CHEMICALS/SUPP,5510
40,283,Friday,8087817673,1,PERSONAL CARE,5027
40,283,Friday,1800000108,1,DAIRY,1303
40,283,Friday,1200000496,1,DSD GROCERY,9575
40,283,Friday,1200000231,1,DSD GROCERY,9575
40,283,Friday,68113138952,1,SERVICE DELI,7100
40,283,Friday,2420005016,1,HOUSEHOLD CHEMICALS/SUPP,730
40,283,Friday,7874231417,2,COMM BREAD,3718
40,283,Friday,7940076380,1,PERSONAL CARE,1
40,283,Friday,1200000496,3,DSD GROCERY,9575
40,283,Friday,7874236944,1,GROCERY DRY GOODS,2802
40,283,Friday,1200000231,2,DSD GROCERY,9575
40,283,Friday,7261345201,1,HOUSEHOLD CHEMICALS/SUPP,2040
40,283,Friday,3700085123,1,HOUSEHOLD PAPER GOODS,3080
40,283,Friday,7940076380,1,PERSONAL CARE,1
40,283,Friday,2781530050,1,PRE PACKED DELI,7252
40,283,Friday,3040021648,1,HOUSEHOLD PAPER GOODS,104
40,283,Friday,7874208294,1,DAIRY,1405
40,283,Friday,2430004102,2,COMM BREAD,3707
40,283,Friday,88438910836,1,PHARMACY OTC,3531
8,284,Friday,1200014109,1,DSD GROCERY,3054
5,285,Friday,38137116146,1,PHARMACY OTC,3524
5,285,Friday,3800059099,1,IMPULSE MERCHANDISE,5
5,285,Friday,3800059099,1,IMPULSE MERCHANDISE,5
5,285,Friday,61126913344,1,DSD GROCERY,3467
5,285,Friday,68113168756,1,PHARMACY OTC,3533
5,285,Friday,36461304562,1,PHARMACY OTC,4080
8,286,Friday,3207,1,FROZEN FOODS,9100
8,286,Friday,1480051647,1,DSD GROCERY,9820
40,287,Friday,2840007098,1,DSD GROCERY,9267
40,287,Friday,30187137127,1,BEAUTY,4020
40,287,Friday,80859471146,1,PLUS AND MATERNITY,8140
40,287,Friday,82926811558,2,PLUS AND MATERNITY,5047
40,287,Friday,2100004693,1,GROCERY DRY GOODS,3004
40,287,Friday,7874235191,1,DSD GROCERY,9208
40,287,Friday,60538812231,1,SHOES,8251
40,287,Friday,72783384805,1,JEWELRY AND SUNGLASSES,6802
40,287,Friday,7874202621,1,PHARMACY OTC,1355
40,287,Friday,4335400720,1,GROCERY DRY GOODS,3201
40,287,Friday,31015883086,1,PERSONAL CARE,205
40,287,Friday,60538871457,1,DAIRY,9100
40,287,Friday,3090011172,1,DAIRY,7955
40,287,Friday,20265400000,2,MEAT - FRESH & FROZEN,6038
40,287,Friday,20209700000,2,MEAT - FRESH & FROZEN,6074
40,287,Friday,4900000044,1,DSD GROCERY,9546
40,287,Friday,7321400129,1,GROCERY DRY GOODS,2554
40,287,Friday,2500005349,2,DSD GROCERY,3004
40,287,Friday,2840000210,1,DSD GROCERY,9266
40,287,Friday,68113138753,1,PRODUCE,7004
40,287,Friday,68113132896,1,PRODUCE,7070
40,287,Friday,7958199525,4,DSD GROCERY,3458
40,287,Friday,5210009170,4,GROCERY DRY GOODS,4271
40,287,Friday,7874211909,1,DAIRY,1353
40,287,Friday,4087,1,PRODUCE,7803
31,288,Friday,79936631703,1,WIRELESS,1065
8,289,Friday,1200000159,1,DSD GROCERY,9211
3,290,Friday,60538812237,1,FINANCIAL SERVICES,277
3,290,Friday,60538812236,1,FINANCIAL SERVICES,278
9,291,Friday,68106699471,1,IMPULSE MERCHANDISE,350
9,291,Friday,7600135345,1,HOME DECOR,5547
9,291,Friday,85201700315,1,PRODUCE,7131
9,291,Friday,85201700300,1,PRODUCE,7131
9,291,Friday,68113110915,1,ELECTRONICS,9926
9,292,Friday,4393554282,1,MENS WEAR,5106
999,295,Friday,1019906311,1,OFFICE SUPPLIES,9379
9,298,Friday,88828211666,1,"GIRLS WEAR, 4-6X  AND 7-14",1337
9,298,Friday,4393571005,1,"GIRLS WEAR, 4-6X  AND 7-14",5133
7,302,Friday,4011,1,PRODUCE,5501
7,302,Friday,7874298209,1,BAKERY,5017
7,302,Friday,8774506289,1,BAKERY,5018
7,302,Friday,7341000026,2,COMM BREAD,3761
7,302,Friday,4046,1,PRODUCE,5620
7,302,Friday,3151,1,PRODUCE,7801
7,302,Friday,1410007467,2,COMM BREAD,3762
7,308,Friday,3800076611,1,GROCERY DRY GOODS,3504
7,308,Friday,20919800000,1,SERVICE DELI,8150
7,308,Friday,68113191745,1,SERVICE DELI,4031
8,309,Friday,3210003404,1,FROZEN FOODS,1998
8,309,Friday,6843791144,1,"CANDY, TOBACCO, COOKIES",73
9,310,Friday,72097247574,1,BOYS WEAR,1619
8,312,Friday,7874202986,1,SERVICE DELI,4076
8,312,Friday,7084701324,1,DSD GROCERY,3466
8,312,Friday,7874207597,1,BAKERY,6715
8,313,Friday,7874222601,1,DSD GROCERY,4639
8,313,Friday,7874222601,1,DSD GROCERY,4639
8,313,Friday,4011,1,PRODUCE,5501
39,314,Friday,3700067831,1,PERSONAL CARE,203
39,314,Friday,3700042902,1,HOUSEHOLD CHEMICALS/SUPP,140
39,314,Friday,1910010999,1,BEAUTY,4010
39,314,Friday,7874204019,1,HOUSEHOLD PAPER GOODS,110
39,314,Friday,7431255366,1,PHARMACY OTC,502
39,315,Friday,7172053046,1,"CANDY, TOBACCO, COOKIES",521
39,315,Friday,2800008140,1,"CANDY, TOBACCO, COOKIES",521
39,315,Friday,1200000159,1,DSD GROCERY,9211
39,315,Friday,1420053545,1,"CANDY, TOBACCO, COOKIES",707
39,315,Friday,78035378403,1,PRODUCE,3601
39,315,Friday,2800008040,1,"CANDY, TOBACCO, COOKIES",521
39,315,Friday,4400003414,1,IMPULSE MERCHANDISE,804
39,315,Friday,3338308459,2,PRODUCE,1242
39,315,Friday,3800084709,1,DSD GROCERY,3353
39,315,Friday,7871527673,2,LADIESWEAR,599
39,315,Friday,7871527673,1,LADIESWEAR,599
39,315,Friday,7871527673,-2,LADIESWEAR,599
39,315,Friday,2200001189,1,"CANDY, TOBACCO, COOKIES",707
39,315,Friday,7871527682,1,LADIESWEAR,599
39,315,Friday,7871527682,2,LADIESWEAR,599
39,315,Friday,76163520390,3,PRODUCE,3509
39,315,Friday,7871527672,1,LADIESWEAR,599
39,315,Friday,7871527672,2,LADIESWEAR,599
34,316,Friday,7119000716,1,PETS AND SUPPLIES,241
34,316,Friday,2310010630,1,PETS AND SUPPLIES,1436
34,316,Friday,2310010930,1,PETS AND SUPPLIES,3300
34,316,Friday,7119000685,1,PETS AND SUPPLIES,241
999,317,Friday,60538812238,-1,FINANCIAL SERVICES,279
3,322,Friday,60538896309,1,FINANCIAL SERVICES,276
3,322,Friday,68113163351,1,FINANCIAL SERVICES,275
9,323,Friday,4900000977,1,DSD GROCERY,9211
9,323,Friday,66216324208,1,"GIRLS WEAR, 4-6X  AND 7-14",2710
9,324,Friday,9064956838,1,BRAS & SHAPEWEAR,4003
9,324,Friday,7874208285,1,PHARMACY OTC,253
9,325,Friday,3400000567,1,IMPULSE MERCHANDISE,135
9,325,Friday,4741738668,1,LADIES SOCKS,3703
36,326,Friday,73150954249,1,BEAUTY,3405
36,326,Friday,88743933383,1,MENS WEAR,3638
36,326,Friday,73792721472,1,JEWELRY AND SUNGLASSES,7095
36,326,Friday,3600036926,1,PERSONAL CARE,9103
36,326,Friday,73150953236,1,BEAUTY,3405
36,326,Friday,38137004170,1,PERSONAL CARE,9103
3,328,Friday,68113107939,1,FINANCIAL SERVICES,200
3,328,Friday,60538887953,1,FINANCIAL SERVICES,285
8,330,Friday,7464100427,1,PRODUCE,5910
8,330,Friday,7172572815,1,PRODUCE,177
8,330,Friday,7146401769,1,PRODUCE,7131
8,330,Friday,4135,1,PRODUCE,1214
999,333,Friday,65651449742,1,JEWELRY AND SUNGLASSES,6812
999,333,Friday,65651449742,-1,JEWELRY AND SUNGLASSES,6812
8,334,Friday,4900000977,1,DSD GROCERY,9211
9,335,Friday,8609323179,1,HOME DECOR,555
39,341,Friday,3270012495,1,PETS AND SUPPLIES,8670
39,341,Friday,71533943000,4,HORTICULTURE AND ACCESS,8814
39,341,Friday,8066095785,1,"LIQUOR,WINE,BEER",1106
39,341,Friday,7047000312,2,DAIRY,1351
39,341,Friday,4011,1,PRODUCE,5501
39,341,Friday,7047019659,2,DAIRY,1351
39,341,Friday,8186422216,1,PRODUCE,172
39,341,Friday,7047000321,2,DAIRY,1351
39,341,Friday,66408114681,1,PRODUCE,904
39,341,Friday,3700091845,1,PERSONAL CARE,5050
39,341,Friday,7154903313,1,LAWN AND GARDEN,5150
8,343,Friday,61126911357,1,DSD GROCERY,3467
8,344,Friday,2840020127,1,DSD GROCERY,9251
33,346,Friday,7874208990,9,HOUSEHOLD PAPER GOODS,6030
33,346,Friday,7874211461,9,HOUSEHOLD PAPER GOODS,6020
33,346,Friday,75838570243,1,MENS WEAR,4921
33,346,Friday,7874211462,-1,HOUSEHOLD PAPER GOODS,6030
33,346,Friday,7874211462,1,HOUSEHOLD PAPER GOODS,6030
33,346,Friday,4900001464,1,DSD GROCERY,9538
33,346,Friday,7874211462,2,HOUSEHOLD PAPER GOODS,6030
8,347,Friday,61126999100,1,DSD GROCERY,3467
3,348,Friday,68113176761,1,FINANCIAL SERVICES,283
32,349,Friday,3600043502,1,INFANT CONSUMABLE HARDLINES,203
32,349,Friday,3600043262,1,INFANT CONSUMABLE HARDLINES,9008
32,349,Friday,88309608528,1,MENS WEAR,5660
9,350,Friday,6791452627,1,IMPULSE MERCHANDISE,347
999,351,Friday,68113178251,1,FINANCIAL SERVICES,281
999,351,Friday,68113178252,1,FINANCIAL SERVICES,280
999,357,Friday,60538807733,1,FINANCIAL SERVICES,287
999,357,Friday,68113107941,1,FINANCIAL SERVICES,286
40,358,Friday,2006616395,1,PAINT AND ACCESSORIES,1017
40,358,Friday,7874222803,1,GROCERY DRY GOODS,4451
40,358,Friday,83146200026,1,LAWN AND GARDEN,225
40,358,Friday,7874205390,1,PAINT AND ACCESSORIES,1007
40,358,Friday,7112195995,3,LAWN AND GARDEN,4805
40,358,Friday,3500044673,1,HOUSEHOLD CHEMICALS/SUPP,130
40,358,Friday,7418226931,1,PERSONAL CARE,3185
40,358,Friday,7792407394,1,LAWN AND GARDEN,54
40,358,Friday,87921300294,2,PETS AND SUPPLIES,5004
40,358,Friday,73702500821,1,HOUSEHOLD CHEMICALS/SUPP,9055
40,358,Friday,3700086586,2,HOUSEHOLD CHEMICALS/SUPP,8915
40,358,Friday,7874204972,1,HOUSEHOLD CHEMICALS/SUPP,103
40,358,Friday,7140001630,1,LADIES SOCKS,3076
40,358,Friday,86179000033,3,HORTICULTURE AND ACCESS,636
40,358,Friday,86179000033,2,HORTICULTURE AND ACCESS,636
40,358,Friday,86179000037,3,HORTICULTURE AND ACCESS,636
40,358,Friday,3700088927,1,HOUSEHOLD CHEMICALS/SUPP,1565
40,358,Friday,7800005416,1,DSD GROCERY,2403
40,358,Friday,1820011030,1,"LIQUOR,WINE,BEER",105
40,358,Friday,5000042994,1,PETS AND SUPPLIES,1436
40,358,Friday,78616200355,1,DSD GROCERY,3005
40,358,Friday,7618316364,2,DSD GROCERY,3054
40,358,Friday,4011,1,PRODUCE,5501
40,358,Friday,3700014389,1,HOUSEHOLD CHEMICALS/SUPP,155
40,358,Friday,1820011030,1,"LIQUOR,WINE,BEER",105
40,358,Friday,7874211442,2,HOUSEHOLD CHEMICALS/SUPP,5510
40,358,Friday,78616200353,1,DSD GROCERY,3005
40,358,Friday,78616200354,1,DSD GROCERY,3005
40,358,Friday,4460030770,1,HOUSEHOLD CHEMICALS/SUPP,1025
40,358,Friday,72450425000,1,PAINT AND ACCESSORIES,1005
40,358,Friday,1200000088,1,DSD GROCERY,9551
40,358,Friday,1200000017,2,DSD GROCERY,9551
40,358,Friday,7235002056,2,DSD GROCERY,3468
40,358,Friday,3700080068,1,HOUSEHOLD CHEMICALS/SUPP,2090
40,358,Friday,1150906003,1,PHARMACY OTC,2730
3,359,Friday,68113163351,1,FINANCIAL SERVICES,275
3,359,Friday,60538896309,1,FINANCIAL SERVICES,276
6,360,Friday,7084781116,1,DSD GROCERY,3467
6,360,Friday,2610000573,1,"CANDY, TOBACCO, COOKIES",8012
25,361,Friday,88743956739,1,MENS WEAR,3220
25,361,Friday,5330007313,1,MENS WEAR,2109
25,361,Friday,7160305582,1,BEAUTY,3509
25,361,Friday,67278778969,1,MENS WEAR,1605
25,361,Friday,68113131249,1,PHARMACY OTC,601
42,362,Friday,2471931450,1,HORTICULTURE AND ACCESS,8135
42,362,Friday,7314908906,3,HOME MANAGEMENT,6604
42,362,Friday,4316866651,1,HARDWARE,4510
42,362,Friday,2471931182,2,HORTICULTURE AND ACCESS,8665
42,362,Friday,2253220274,1,HORTICULTURE AND ACCESS,1470
9,363,Friday,60538815739,1,SHOES,3329
9,367,Friday,82342090727,1,HARDWARE,6800
3,369,Friday,68113176761,1,FINANCIAL SERVICES,283
18,371,Friday,3989714671,3,TOYS,4505
18,371,Friday,3989714671,1,TOYS,4505
18,371,Friday,3506192346,1,HARDWARE,1913
18,371,Friday,3506192346,1,HARDWARE,1913
35,372,Friday,7172572731,1,PRODUCE,290
35,372,Friday,88561506747,1,SLEEPWEAR/FOUNDATIONS,2900
35,372,Friday,5200032180,2,DSD GROCERY,4606
35,372,Friday,64312604011,1,PRODUCE,5501
8,373,Friday,7301000454,1,PHARMACY OTC,260
8,373,Friday,3800059099,1,IMPULSE MERCHANDISE,5
42,375,Friday,4650107996,1,FABRICS AND CRAFTS,4308
42,375,Friday,73191997752,1,LAWN AND GARDEN,401
42,375,Friday,7535331863,1,PAINT AND ACCESSORIES,1003
42,375,Friday,2899520414,1,FABRICS AND CRAFTS,1065
42,375,Friday,2899520424,1,FABRICS AND CRAFTS,1057
42,375,Friday,7140001630,1,LADIES SOCKS,3076
42,375,Friday,65356987435,1,TOYS,2004
9,377,Friday,2226534723,1,CAMERAS AND SUPPLIES,1820
21,378,Friday,76594040931,1,FABRICS AND CRAFTS,517
21,378,Friday,1775429326,1,FABRICS AND CRAFTS,1230
21,378,Friday,7516001005,1,FABRICS AND CRAFTS,4102
21,378,Friday,76594016819,1,FABRICS AND CRAFTS,517
21,378,Friday,7985606213,1,FABRICS AND CRAFTS,807
21,378,Friday,7985620695,1,FABRICS AND CRAFTS,815
21,378,Friday,7985601321,2,FABRICS AND CRAFTS,816
21,378,Friday,1775426268,1,FABRICS AND CRAFTS,1209
21,378,Friday,76594053515,2,FABRICS AND CRAFTS,517
21,378,Friday,76594016796,1,FABRICS AND CRAFTS,623
21,378,Friday,1775426270,1,FABRICS AND CRAFTS,1209
21,378,Friday,1775426266,1,FABRICS AND CRAFTS,1209
21,378,Friday,7963677996,1,FABRICS AND CRAFTS,801
40,379,Friday,7790019209,1,PRE PACKED DELI,7803
40,379,Friday,3700084991,1,HOUSEHOLD CHEMICALS/SUPP,500
40,379,Friday,30045084324,1,PHARMACY OTC,2061
40,379,Friday,2100061526,1,DAIRY,7958
40,379,Friday,3450014000,1,DAIRY,1251
40,379,Friday,30274230015,1,PHARMACY OTC,1560
40,379,Friday,4460000221,1,HOUSEHOLD CHEMICALS/SUPP,8010
40,379,Friday,7874204007,1,HOUSEHOLD PAPER GOODS,3011
40,379,Friday,7763304737,1,COMM BREAD,3701
40,379,Friday,4850030139,2,DAIRY,1404
40,379,Friday,5410000140,1,GROCERY DRY GOODS,2570
40,379,Friday,4400003327,1,DSD GROCERY,2758
40,379,Friday,4900002468,1,DSD GROCERY,3042
40,379,Friday,3700016629,1,HOUSEHOLD CHEMICALS/SUPP,8910
40,379,Friday,4470003070,1,PRE PACKED DELI,7554
40,379,Friday,4142012512,2,"CANDY, TOBACCO, COOKIES",707
40,379,Friday,8526408631,4,COMM BREAD,2200
40,379,Friday,68113169612,3,PHARMACY OTC,1101
40,379,Friday,7874204017,1,HOUSEHOLD PAPER GOODS,110
40,379,Friday,64541676574,1,CELEBRATION,14
40,379,Friday,60538800120,1,DAIRY,9127
40,379,Friday,68113107838,1,PHARMACY OTC,1111
40,379,Friday,2840019914,1,DSD GROCERY,9251
5,382,Friday,85303000202,1,PHARMACY OTC,4079
5,382,Friday,3927822010,1,PHARMACY OTC,2041
3,383,Friday,60538896309,4,FINANCIAL SERVICES,276
3,383,Friday,68113163351,4,FINANCIAL SERVICES,275
8,384,Friday,87126040060,1,PRODUCE,65
38,385,Friday,3000031836,1,GROCERY DRY GOODS,3505
38,385,Friday,64901075190,1,PERSONAL CARE,6113
38,385,Friday,7464102712,1,PRODUCE,5906
38,385,Friday,67604560878,1,BEAUTY,3848
38,385,Friday,2840019998,1,DSD GROCERY,9251
38,385,Friday,94011,2,PRODUCE,5504
38,385,Friday,7572406105,1,PERSONAL CARE,6105
38,385,Friday,3000031753,2,GROCERY DRY GOODS,3600
38,385,Friday,1480064657,1,DSD GROCERY,4644
38,385,Friday,4850002104,1,DAIRY,1407
38,385,Friday,4011,2,PRODUCE,5501
38,385,Friday,88491200245,1,GROCERY DRY GOODS,3600
38,385,Friday,4400003327,1,DSD GROCERY,2758
38,385,Friday,8768400512,1,DSD GROCERY,4624
38,385,Friday,78035378403,2,PRODUCE,3601
38,385,Friday,3800039122,1,GROCERY DRY GOODS,3600
38,385,Friday,2840019078,2,DSD GROCERY,7902
38,385,Friday,2840020129,1,DSD GROCERY,9251
38,385,Friday,1600043471,1,GROCERY DRY GOODS,3600
38,385,Friday,2840007165,1,DSD GROCERY,4551
38,385,Friday,7874235187,2,DAIRY,1508
38,385,Friday,1480064608,1,DSD GROCERY,4644
38,385,Friday,84747300386,1,PRODUCE,1260
38,385,Friday,7615033230,1,DSD GROCERY,3650
35,386,Friday,6827473529,1,DSD GROCERY,2351
35,386,Friday,7874201456,4,HOUSEHOLD PAPER GOODS,5510
35,386,Friday,7874204882,2,HOUSEHOLD PAPER GOODS,5220
35,386,Friday,5000030262,1,DAIRY,1513
35,386,Friday,7874243403,2,GROCERY DRY GOODS,4451
35,386,Friday,7874222622,1,GROCERY DRY GOODS,3306
35,386,Friday,4127100956,1,DAIRY,1513
25,387,Friday,1467182687,1,BRAS & SHAPEWEAR,1202
25,387,Friday,8022545737,1,BRAS & SHAPEWEAR,1201
25,387,Friday,4321367083,1,SLEEPWEAR/FOUNDATIONS,6048
25,387,Friday,60892603071,1,BRAS & SHAPEWEAR,7022
25,387,Friday,31254749318,1,PERSONAL CARE,9109
35,388,Friday,7874235191,1,DSD GROCERY,9208
9,389,Friday,2610000656,2,"CANDY, TOBACCO, COOKIES",8012
9,389,Friday,3980010803,1,IMPULSE MERCHANDISE,770
8,390,Friday,1410008553,-1,DSD GROCERY,3986
8,390,Friday,1410008553,1,DSD GROCERY,3986
8,390,Friday,4305,1,PRODUCE,903
39,393,Friday,5000006219,2,DAIRY,1307
39,393,Friday,1121701069,1,HOUSEHOLD PAPER GOODS,6520
39,393,Friday,5150076310,1,GROCERY DRY GOODS,4052
39,393,Friday,7874211462,2,HOUSEHOLD PAPER GOODS,6030
39,393,Friday,5150060028,1,GROCERY DRY GOODS,4062
39,393,Friday,2600004019,1,FABRICS AND CRAFTS,8065
35,394,Friday,9518806128,1,DSD GROCERY,4644
35,394,Friday,4510006063,7,DSD GROCERY,2323
35,394,Friday,9518800501,1,DSD GROCERY,4644
29,396,Friday,2856277258,1,SPORTING GOODS,3223
29,396,Friday,3294302140,1,SPORTING GOODS,3279
29,396,Friday,2202157397,1,SPORTING GOODS,3286
29,396,Friday,63401111070,1,SPORTING GOODS,8267
29,396,Friday,3278458675,1,SPORTING GOODS,501
37,397,Friday,4400002795,1,DSD GROCERY,4156
37,397,Friday,1411373406,1,DSD GROCERY,9581
37,397,Friday,4011,1,PRODUCE,5501
37,397,Friday,4470006420,1,PRE PACKED DELI,7552
37,397,Friday,4016,1,PRODUCE,1201
37,397,Friday,6827483338,1,DSD GROCERY,9216
37,397,Friday,4135,1,PRODUCE,1214
37,397,Friday,6843738350,1,"CANDY, TOBACCO, COOKIES",72
27,398,Friday,3160063391,1,SHOES,2607
27,398,Friday,7792407393,1,LAWN AND GARDEN,2536
27,398,Friday,4687858786,1,LAWN AND GARDEN,4020
27,398,Friday,4687856601,1,LAWN AND GARDEN,4020
3,399,Friday,60538896309,2,FINANCIAL SERVICES,276
3,399,Friday,68113163351,2,FINANCIAL SERVICES,275
999,400,Friday,75481911266,-1,MENS WEAR,1727
25,402,Friday,4.71E+11,1,MENS WEAR,5434
25,402,Friday,60764550778,1,MENS WEAR,673
25,402,Friday,82815975,1,MENS WEAR,2203
999,403,Friday,60538812238,-1,FINANCIAL SERVICES,279
999,407,Friday,68113178253,-1,FINANCIAL SERVICES,279
43,408,Friday,7314918518,1,HOME MANAGEMENT,6600
43,408,Friday,5026741798,1,HARDWARE,2502
43,408,Friday,7956711016,1,AUTOMOTIVE,2014
43,408,Friday,7940035295,1,PERSONAL CARE,27
43,408,Friday,30869740222,1,PERSONAL CARE,3040
43,408,Friday,3500078340,2,PERSONAL CARE,413
43,408,Friday,72450408803,1,PAINT AND ACCESSORIES,1028
43,408,Friday,3600043222,1,PERSONAL CARE,3063
999,409,Friday,,-1,NULL,
3,412,Friday,60538887953,1,FINANCIAL SERVICES,285
3,412,Friday,68113107939,1,FINANCIAL SERVICES,200
7,413,Friday,2200000488,1,IMPULSE MERCHANDISE,135
7,413,Friday,1200028617,1,DSD GROCERY,3054
7,413,Friday,7142900211,1,FROZEN FOODS,1902
7,413,Friday,7007700140,1,FROZEN FOODS,1902
7,413,Friday,78616200297,1,DSD GROCERY,3006
5,418,Friday,68113111122,1,PHARMACY OTC,905
20,419,Friday,60538802352,1,AUTOMOTIVE,8068
20,419,Friday,68113107867,-1,AUTOMOTIVE,6
20,419,Friday,68113107867,1,AUTOMOTIVE,6
9,420,Friday,4282562565,1,BOYS WEAR,6101
9,420,Friday,4282562569,1,BOYS WEAR,6016
9,420,Friday,61126981899,1,DSD GROCERY,3467
42,421,Friday,4133382501,1,IMPULSE MERCHANDISE,904
42,421,Friday,74269391799,1,AUTOMOTIVE,8016
42,421,Friday,1471740206,1,AUTOMOTIVE,805
42,421,Friday,4288741920,1,HOUSEHOLD CHEMICALS/SUPP,9101
42,421,Friday,64541668249,1,CELEBRATION,1805
42,421,Friday,60538806890,3,HARDWARE,728
42,421,Friday,60538806890,1,HARDWARE,728
42,421,Friday,8332190637,1,SPORTING GOODS,8050
42,421,Friday,6700889080,1,CELEBRATION,105
42,421,Friday,8123819852,1,HOUSEHOLD CHEMICALS/SUPP,3610
42,421,Friday,4402160269,1,HOME DECOR,520
42,421,Friday,2898513456,1,AUTOMOTIVE,802
42,421,Friday,5400075040,2,AUTOMOTIVE,3810
42,421,Friday,1920085020,1,HOUSEHOLD CHEMICALS/SUPP,6010
42,421,Friday,1117137981,1,IMPULSE MERCHANDISE,8205
42,421,Friday,4133384401,1,IMPULSE MERCHANDISE,906
42,421,Friday,3500044668,1,HOUSEHOLD CHEMICALS/SUPP,110
42,421,Friday,64541698702,1,CELEBRATION,1805
42,421,Friday,7179887110,1,HOUSEHOLD CHEMICALS/SUPP,9540
3,425,Friday,68113163353,1,FINANCIAL SERVICES,277
3,425,Friday,68113163352,1,FINANCIAL SERVICES,278
40,427,Friday,6233887977,1,HOUSEHOLD CHEMICALS/SUPP,7520
40,427,Friday,7870080237,1,COMM BREAD,3702
40,427,Friday,1340935231,1,GROCERY DRY GOODS,2351
40,427,Friday,73295303924,1,PERSONAL CARE,702
40,427,Friday,1300000124,1,GROCERY DRY GOODS,2301
40,427,Friday,7229000000,1,PRE PACKED DELI,7301
40,427,Friday,4900000044,1,DSD GROCERY,9546
40,427,Friday,5000030062,1,GROCERY DRY GOODS,3306
40,427,Friday,78533175645,1,PRE PACKED DELI,7557
40,427,Friday,7910051786,1,PETS AND SUPPLIES,821
40,427,Friday,22148500000,1,MEAT - FRESH & FROZEN,9384
40,427,Friday,7910051147,1,PETS AND SUPPLIES,821
40,427,Friday,7874243167,1,GROCERY DRY GOODS,4408
40,427,Friday,4800121338,1,GROCERY DRY GOODS,2452
40,427,Friday,30041668957,1,PERSONAL CARE,402
40,427,Friday,2310070296,1,PETS AND SUPPLIES,630
40,427,Friday,5400036421,1,HOUSEHOLD PAPER GOODS,3012
40,427,Friday,7962100176,1,PRE PACKED DELI,7203
40,427,Friday,3090091161,1,DAIRY,7957
40,427,Friday,4132210740,1,FROZEN FOODS,2302
40,427,Friday,7874222803,1,GROCERY DRY GOODS,4451
40,427,Friday,60538871461,1,DAIRY,9101
